Popular Question,2784076
Student,1524463
Editor,1463594
Scholar,1256587
Informed,1056833
Teacher,1013709
Supporter,921133
Nice Answer,780550
Tumbleweed,761922
Commentator,627526
Autobiographer,599897
Custodian,424774
Nice Question,371688
Caucus,306582
Critic,266897
Revival,244705
Curious,229237
Citizen Patrol,139943
Peer Pressure,124056
Educated,106495
Self-Learner,93291
Organizer,91475
Excavator,89102
Announcer,58062
Promoter,57004
Explainer,45059
Analytical,43870
Suffrage,33980
Benefactor,32268
Cleanup,29927
Mortarboard,25513
Quorum,21887
Vox Populi,21131
Tag Editor,18752
Backer,15920
Proofreader,13755
Investor,13374
Incrementalist,11192
Peer Review,9631
Disciplined,9076
Talkative,8292
Altruist,6720
c#,5425
java,5155
javascript,4706
android,3849
php,3420
python,3133
c++,2818
jquery,2584
Primer,2447
ios,2173
Bluebook,2066
Renovator,1982
html,1900
.net,1793
c,1647
css,1561
objective-c,1520
iphone,1496
ruby-on-rails,1388
sql,1344
mysql,1203
asp.net,1134
ruby,991
arrays,957
regex,794
Synonymizer,770
string,769
sql-server,753
linux,630
asp.net-mvc,591
django,567
angularjs,561
r,532
wpf,508
algorithm,455
xcode,450
bash,423
multithreading,397
node.js,384
git,379
scala,376
swift,373
linq,353
list,353
perl,335
performance,328
database,313
windows,300
json,297
c++11,291
ruby-on-rails-3,287
haskell,284
xml,275
pointers,275
Creditor,274
cocoa-touch,269
oracle,264
winforms,257
tsql,237
spring,236
eclipse,233
shell,232
ajax,226
vb.net,216
cocoa,205
generics,203
delphi,200
oop,197
matlab,197
html5,197
function,190
excel,189
unix,188
swing,188
sql-server-2008,181
templates,181
visual-studio,179
osx,178
qt,176
class,174
vba,167
gcc,163
css3,161
entity-framework,157
postgresql,156
asp.net-mvc-3,154
unit-testing,151
symfony2,151
stl,149
python-2.7,147
mongodb,144
numpy,144
vim,141
math,141
python-3.x,136
clojure,135
hibernate,135
vector,129
datetime,125
inheritance,124
dictionary,121
uitableview,121
assembly,118
actionscript-3,117
xaml,117
powershell,116
security,114
winapi,114
sorting,114
maven,113
visual-studio-2010,111
laravel,111
excel-vba,110
twitter-bootstrap,109
sql-server-2005,109
emacs,109
go,108
file,108
google-app-engine,102
ipad,102
dataframe,101
date,101
svn,100
forms,98
wcf,97
memory-management,97
boost,96
android-layout,96
magento,96
pandas,96
functional-programming,95
lambda,93
variables,92
exception,91
codeigniter,91
sed,91
spring-mvc,90
asp.net-mvc-4,89
optimization,88
visual-c++,88
awk,88
loops,86
collections,86
sqlite,84
silverlight,83
dom,82
f#,81
ggplot2,80
object,80
opencv,79
types,78
batch-file,77
reflection,77
hash,76
struct,76
image,76
matplotlib,75
memory,73
opengl,73
facebook,73
database-design,73
plot,72
wordpress,71
constructor,70
design-patterns,70
jquery-ui,70
xpath,70
matrix,69
parsing,68
sockets,68
for-loop,67
rest,67
activerecord,66
backbone.js,66
cakephp,66
azure,65
flash,65
razor,65
grails,65
http,63
unicode,63
jpa,63
google-maps,62
arraylist,62
jsp,62
casting,61
apache,61
nhibernate,60
image-processing,59
stored-procedures,59
zend-framework,59
google-chrome,59
windows-phone-7,59
extjs,58
coldfusion,58
if-statement,58
compiler-construction,58
jquery-selectors,58
core-data,57
ember.js,57
xslt,57
linq-to-sql,57
lisp,57
mvvm,57
join,57
flex,57
ms-access,55
lua,55
selenium,55
iterator,55
grep,55
syntax,54
amazon-web-services,54
plsql,54
d3.js,53
events,53
floating-point,53
reference,52
select,52
random,52
groovy,51
csv,51
reactjs,51
hadoop,50
enums,50
java-ee,50
erlang,50
tfs,50
user-interface,49
junit,49
mercurial,49
github,49
x86,49
interface,48
knockout.js,48
meteor,48
ruby-on-rails-4,48
docker,48
java-8,48
django-models,48
express,48
debugging,47
language-agnostic,47
version-control,47
.htaccess,47
css-selectors,46
encryption,46
concurrency,46
operator-overloading,46
gwt,45
data-structures,44
elasticsearch,43
tomcat,43
c#-4.0,43
file-io,42
indexing,42
svg,42
static,41
neo4j,41
typescript,41
intellij-idea,41
asynchronous,41
heroku,40
dependency-injection,40
angularjs-directive,40
yii,40
android-studio,40
asp.net-web-api,40
recursion,40
ant,39
laravel-4,39
const,39
language-lawyer,39
angular2,39
jdbc,39
cordova,39
sharepoint,38
jsf,38
firefox,38
makefile,38
servlets,38
visual-studio-2008,37
validation,37
javascript-events,37
ocaml,37
exception-handling,37
utf-8,37
internet-explorer,37
g++,37
playframework,37
methods,37
rspec,37
android-fragments,37
ios7,36
malloc,35
selenium-webdriver,35
wolfram-mathematica,35
char,35
command-line,35
initialization,35
common-lisp,35
linux-kernel,35
pdo,35
cuda,34
cassandra,34
rust,34
web-services,34
replace,34
nsstring,33
monads,33
data-binding,33
jvm,33
jenkins,33
apache-spark,32
netbeans,32
google-maps-api-3,32
scipy,32
session,32
gradle,31
c-preprocessor,31
machine-learning,31
ios4,31
macros,31
scheme,31
maven-2,31
prolog,31
doctrine2,31
encoding,31
data.table,31
binding,31
drupal,31
url,31
design,30
vb6,30
multidimensional-array,30
listview,30
oracle11g,30
serialization,30
windows-8,30
uiview,30
c++14,29
msbuild,29
scripting,28
ubuntu,28
logging,28
elisp,28
mod-rewrite,28
iis,27
facebook-graph-api,27
garbage-collection,27
cmd,27
windows-phone-8,27
google-chrome-extension,27
mfc,27
cmake,27
printf,27
android-intent,27
xamarin,27
android-activity,27
amazon-ec2,26
dart,26
properties,26
pthreads,26
group-by,26
testing,26
flask,26
ios5,25
jquery-mobile,25
tcp,25
coding-style,25
email,25
tkinter,25
canvas,25
spring-security,25
map,25
solr,25
dplyr,25
julia-lang,24
sas,24
fortran,24
vbscript,24
sitecore,24
jar,24
ssl,24
blackberry,24
sql-server-2012,24
cryptography,23
sprite-kit,23
coffeescript,23
laravel-5,23
triggers,23
xsd,23
d,23
latex,23
parallel-processing,22
terminal,22
asp.net-core,22
twitter-bootstrap-3,22
nginx,22
orm,22
visual-studio-2012,22
jsf-2,22
pdf,22
highcharts,22
django-templates,22
redis,22
domain-driven-design,22
oracle10g,22
split,22
mono,22
networking,22
namespaces,22
javafx,22
task-parallel-library,22
hashmap,21
xamarin.ios,21
opengl-es,21
xpages,21
async-await,21
curl,21
yii2,21
foreach,21
layout,21
tridion,21
excel-formula,21
automatic-ref-counting,21
nosql,21
sqlalchemy,21
post,20
nullpointerexception,20
amazon-s3,20
wix,20
java-stream,20
embedded,20
programming-languages,20
.net-4.0,20
variadic-templates,20
ado.net,20
sbt,20
transactions,20
zend-framework2,20
windows-runtime,20
unity3d,20
scope,20
joomla,20
ecmascript-6,19
tfs2010,19
operators,19
thread-safety,19
lucene,19
sql-server-2008-r2,19
google-apps-script,19
asp.net-mvc-2,19
checkbox,19
angularjs-scope,19
animation,19
swift2,19
bit-manipulation,19
jtable,19
delphi-xe2,19
tuples,19
plone,19
graphics,19
firebase,18
delegates,18
tcl,18
dll,18
audio,18
webdriver,18
arm,18
reporting-services,18
mapreduce,18
input,18
datagridview,18
system.reactive,18
compiler-errors,18
annotations,18
primefaces,18
character-encoding,18
playframework-2.0,18
table,18
set,18
caching,18
extjs4,17
mocking,17
racket,17
akka,17
socket.io,17
perforce,17
statistics,17
glsl,17
sh,17
tortoisesvn,17
std,17
computer-vision,17
null,17
ghc,17
java-me,16
xhtml,16
asp-classic,16
architecture,16
promise,16
mysqli,16
resharper,16
mongoose,16
xquery,16
redirect,16
nsmutablearray,16
linker,16
delphi-2010,16
linq-to-entities,16
uiviewcontroller,16
log4j,16
ansible,16
android-asynctask,16
moq,16
dojo,16
eclipse-plugin,16
memory-leaks,16
clang,16
entity-framework-4,16
jframe,16
time,16
elixir,16
module,16
osgi,16
android-ndk,16
smalltalk,16
spring-boot,16
powershell-v2.0,16
libgdx,15
ffmpeg,15
uml,15
fluent-nhibernate,15
insert,15
applescript,15
pyqt,15
gdb,15
django-admin,15
segmentation-fault,15
list-comprehension,15
django-forms,15
kendo-ui,15
nsarray,15
qml,15
plyr,15
django-views,15
graph,15
jpanel,15
ssh,15
.net-3.5,15
api,15
swt,15
button,15
delphi-xe,15
linq-to-xml,15
shiny,15
three.js,15
couchdb,15
guava,15
tdd,14
ssis,14
integer,14
timer,14
ef-code-first,14
actionscript,14
cookies,14
move-semantics,14
scrapy,14
qt4,14
autolayout,14
windows-installer,14
swift3,14
io,14
json.net,14
count,14
branch,14
cypher,14
function-pointers,14
google-analytics,14
xna,14
browser,14
delphi-7,14
int,14
doctrine,14
double,14
installer,14
phpunit,14
process,14
openssl,14
devise,13
merge,13
jni,13
dynamics-crm-2011,13
scikit-learn,13
search,13
struts2,13
datatable,13
twig,13
symfony1,13
dynamics-crm,13
rabbitmq,13
text,13
wicket,13
kotlin,13
binary,13
nsdate,13
db2,13
parameters,13
ios6,13
ienumerable,13
web-applications,13
closures,13
delphi-2009,13
fonts,13
css-shapes,13
jbutton,13
ada,13
jackson,13
authentication,13
iframe,13
android-actionbar,13
google-spreadsheet,12
typo3,12
nunit,12
firefox-addon,12
youtube-api,12
protractor,12
android-listview,12
udp,12
asp.net-identity,12
google-drive-sdk,12
xslt-1.0,12
cocos2d-iphone,12
gridview,12
websocket,12
gae-datastore,12
typedef,12
undefined-behavior,12
sqlite3,12
grand-central-dispatch,12
asp.net-core-mvc,12
https,12
asp.net-mvc-5,12
jboss,12
eloquent,12
inno-setup,12
ios8,12
internet-explorer-8,12
visual-studio-2013,12
uibutton,12
foreign-keys,12
charts,12
tridion-2011,12
openerp,12
sass,12
shared-ptr,12
com,12
linked-list,12
hudson,12
model-view-controller,12
nlp,12
ninject,11
polymer,11
scanf,11
sql-server-2000,11
awt,11
windows-phone-8.1,11
find,11
sql-order-by,11
lotus-notes,11
xamarin.android,11
dynamic,11
salesforce,11
jersey,11
composer-php,11
windbg,11
mongoid,11
vhdl,11
requirejs,11
layout-manager,11
ionic-framework,11
sml,11
gson,11
crystal-reports,11
wpf-controls,11
jms,11
aes,11
vagrant,11
operating-system,11
parse.com,11
while-loop,11
pattern-matching,11
hive,11
c99,11
standards,11
geometry,11
sparql,11
javafx-2,11
vectorization,11
windows-store-apps,10
clr,10
video,10
jmeter,10
sql-update,10
automapper,10
openmp,10
responsive-design,10
rubygems,10
react-native,10
cdi,10
polymorphism,10
jasmine,10
sublimetext2,10
twitter,10
chef,10
subquery,10
jax-rs,10
accessibility,10
objective-c-blocks,10
jtextfield,10
drupal-6,10
xcode4,10
rdf,10
escaping,10
gruntjs,10
verilog,10
destructor,10
apache-pig,10
log4net,10
pip,10
ejb,10
xml-serialization,10
windows-7,10
webgl,10
core-graphics,10
underscore.js,10
callback,10
google-plus,10
paypal,10
google-bigquery,10
biztalk,10
realm,10
cross-browser,10
nokogiri,10
gtk,10
subprocess,10
sonarqube,10
typeclass,10
locking,9
wxpython,9
uicollectionview,9
mpi,9
compilation,9
actionlistener,9
windows-phone,9
core-animation,9
boolean,9
mockito,9
marklogic,9
oauth,9
task,9
build,9
plpgsql,9
synchronization,9
.net-2.0,9
microsoft-metro,9
preg-match,9
smart-pointers,9
zsh,9
angularjs-ng-repeat,9
query-optimization,9
datagrid,9
google-chrome-devtools,9
relational-database,9
android-gradle,9
octave,9
knitr,9
constraints,9
scala-collections,9
windows-services,9
gpu,9
jtextarea,9
url-rewriting,9
active-directory,9
sitecore6,9
c++-cli,9
3d,9
subset,9
uikit,9
opencl,9
websphere,9
unity-container,9
liferay,9
innodb,9
access-vba,9
mule,9
extension-methods,9
xamarin.forms,9
storyboard,9
preg-replace,9
localization,9
attributes,9
jquery-plugins,9
user-controls,9
applet,9
return,8
leaflet,8
multiprocessing,8
sencha-touch-2,8
stack,8
html5-canvas,8
ipython,8
uiimage,8
jlabel,8
beautifulsoup,8
autofac,8
time-series,8
less,8
dns,8
gorm,8
stream,8
ckeditor,8
listbox,8
fortran90,8
bitmap,8
singleton,8
phpmyadmin,8
alfresco,8
fork,8
flexbox,8
textures,8
idisposable,8
left-join,8
jasper-reports,8
timezone,8
ember-data,8
immutability,8
telerik,8
webrtc,8
nsdictionary,8
deployment,8
javafx-8,8
sse,8
event-handling,8
windows-azure-storage,8
nuget,8
interface-builder,8
network-programming,8
xcode6,8
notepad++,8
teamcity,8
jquery-validate,8
jscrollpane,8
sublimetext,8
gnu-make,8
ms-word,8
flask-sqlalchemy,8
big-o,8
boost-asio,8
inversion-of-control,8
plugins,8
neural-network,8
sencha-touch,8
c#-3.0,8
gnuplot,8
uiscrollview,8
http-headers,8
opengl-es-2.0,8
lxml,8
path,8
retrofit,7
gulp,7
android-edittext,7
ssms,7
drupal-7,7
google-cloud-messaging,7
vaadin,7
jquery-deferred,7
jcombobox,7
xml-parsing,7
ejb-3.0,7
classpath,7
excel-2010,7
this,7
posix,7
tensorflow,7
orchardcms,7
google-chrome-app,7
textbox,7
fft,7
.net-4.5,7
xmlhttprequest,7
org-mode,7
imagemagick,7
ldap,7
xss,7
numbers,7
azure-web-sites,7
jstl,7
simplexml,7
itextsharp,7
byte,7
outlook,7
sql-injection,7
signals,7
refactoring,7
jsoup,7
perl-module,7
kivy,7
guice,7
jekyll,7
npm,7
timestamp,7
xslt-2.0,7
mongodb-query,7
shader,7
owin,7
css-float,7
iostream,7
lotus-domino,7
nhibernate-mapping,7
prototype,7
signalr,7
aggregate,7
backgroundworker,7
soap,7
error-handling,7
pivot,7
tfs2012,7
jpa-2.0,7
maven-3,7
pharo,7
bytecode,7
indexeddb,7
handlebars.js,7
oauth-2.0,7
glassfish,7
uwp,7
kernel,7
django-rest-framework,7
uiimageview,7
import,7
bluetooth,7
axapta,7
firefox-addon-sdk,7
actor,7
hex,7
python-requests,7
seo,7
umbraco,7
markdown,7
vsto,7
reactive-programming,7
eclipselink,7
jodatime,7
rsa,7
cygwin,7
generator,7
paintcomponent,7
sizeof,7
artificial-intelligence,7
pascal,7
web-config,7
pymongo,7
mef,7
rxjs,6
cq5,6
cpan,6
ioc-container,6
copy-constructor,6
aggregation-framework,6
ide,6
iis-7,6
sails.js,6
new-operator,6
magento-1.7,6
cgi,6
datatables,6
gfortran,6
titanium,6
structuremap,6
file-upload,6
logstash,6
rx-java,6
uinavigationcontroller,6
sinatra,6
pipe,6
tornado,6
vs-team-services,6
xmpp,6
type-conversion,6
repository,6
calendar,6
html-agility-pack,6
compression,6
moose,6
mutex,6
gem,6
google-maps-android-api-2,6
joptionpane,6
pinvoke,6
ibm-midrange,6
visual-studio-2015,6
calayer,6
view,6
android-wear,6
uitextfield,6
metaprogramming,6
sharepoint-2010,6
css-transitions,6
pdf-generation,6
aggregate-functions,6
postgresql-9.1,6
ascii,6
ssas,6
cucumber,6
system-verilog,6
greatest-n-per-group,6
autotools,6
capybara,6
vcl,6
netlogo,6
rebol,6
icons,6
apex-code,6
youtube,6
kohana,6
time-complexity,6
configuration,6
google-visualization,6
watchkit,6
silverstripe,6
wsdl,6
common-table-expression,6
git-branch,6
dispose,6
download,6
jaxb,6
mediawiki,6
bufferedimage,6
python-imaging-library,6
activemq,6
primary-key,6
kendo-grid,6
jlist,6
nasm,6
compact-framework,6
ruby-on-rails-3.1,6
overloading,6
restkit,6
odata,6
uiwebview,6
watir,6
webforms,6
ansible-playbook,6
apache-poi,6
couchbase,6
javabeans,6
eclipse-rcp,6
printing,6
64bit,6
semantic-web,6
threadpool,6
webpack,6
sqlplus,6
apply,6
nspredicate,6
coldfusion-9,5
windows-mobile,5
qt5,5
andengine,5
devexpress,5
certificate,5
excel-2007,5
linq-to-objects,5
openshift,5
haxe,5
powershell-v3.0,5
frameworks,5
flex4,5
java.util.scanner,5
bytearray,5
google-cloud-storage,5
clojurescript,5
internationalization,5
firebird,5
sfinae,5
colors,5
google-maps-markers,5
facebook-php-sdk,5
azure-storage-tables,5
stanford-nlp,5
kineticjs,5
jetty,5
treeview,5
firebug,5
build.gradle,5
entity-framework-5,5
scala-2.8,5
nsfetchedresultscontrolle,5
jpql,5
cakephp-2.0,5
mapkit,5
internet-explorer-9,5
inputstream,5
optional,5
web-scraping,5
pyqt4,5
decorator,5
puppet,5
header,5
raphael,5
tortoisehg,5
ravendb,5
entity-framework-4.1,5
documentation,5
netty,5
mdx,5
elastic-beanstalk,5
installation,5
dotnetnuke,5
reshape,5
slice,5
each,5
signal-processing,5
git-svn,5
rcpp,5
stata,5
wso2,5
cobol,5
ssrs-2008,5
java-ee-6,5
broadcastreceiver,5
reactive-cocoa,5
admob,5
q,5
android-sqlite,5
sapui5,5
mootools,5
drools,5
castle-windsor,5
speech-recognition,5
angular-ui-router,5
mongodb-csharp,5
argparse,5
yaml,5
constexpr,5
routing,5
decimal,5
woocommerce,5
extjs4.1,5
el,5
project-management,5
apache-camel,5
expression-trees,5
owl,5
ibm-mobilefirst,5
visual-studio-2005,5
nservicebus,5
jdialog,5
oracle-sqldeveloper,5
get,5
apache-kafka,5
actionbarsherlock,5
roslyn,5
styles,5
ftp,5
syntax-error,5
coq,5
aurelia,5
continuous-integration,5
django-queryset,5
registry,5
watir-webdriver,5
lodash,5
win-universal-app,5
passwords,5
heap,5
android-5.0-lollipop,5
yeoman,5
intuit-partner-platform,5
iphone-sdk-3.0,5
automake,5
grammar,5
xts,5
ibm-bluemix,5
drop-down-menu,5
hyperlink,5
simd,5
hdfs,5
webview,5
winrt-xaml,5
fxml,5
directx,5
zeromq,5
graphics2d,5
components,5
switch-statement,5
mips,5
servicestack,5
hbase,5
virtual,5
httpwebrequest,5
firemonkey,5
phantomjs,5
postgresql-9.2,5
arduino,5
jena,5
itext,5
llvm,5
grid,5
aop,5
border,5
afnetworking,5
matlab-figure,5
autoconf,5
ssl-certificate,5
repaint,5
installshield,4
nancy,4
seam,4
cql,4
nexus,4
textview,4
rvalue-reference,4
assemblies,4
sql-server-ce,4
asmx,4
openxml,4
hover,4
asp.net-membership,4
pygame,4
queryover,4
arangodb,4
adb,4
camera,4
geolocation,4
comparison,4
google-compute-engine,4
xcode5,4
rtti,4
facebook-javascript-sdk,4
cil,4
git-merge,4
dependencies,4
aspectj,4
rdd,4
graph-databases,4
rstudio,4
phoenix-framework,4
amqp,4
pycharm,4
processing,4
breeze,4
casperjs,4
dependency-properties,4
svm,4
es6-promise,4
clpfd,4
tmux,4
sublimetext3,4
cluster-analysis,4
kibana,4
domdocument,4
code-coverage,4
google-glass,4
datatemplate,4
jndi,4
amazon-dynamodb,4
azure-web-roles,4
struts,4
rvm,4
scala-2.10,4
hashcode,4
websphere-mq,4
cabal,4
service,4
autowired,4
bluetooth-lowenergy,4
azure-storage-blobs,4
simpledateformat,4
portable-class-library,4
google-oauth,4
urllib2,4
mobile,4
marshalling,4
html5-video,4
kubernetes,4
twilio,4
facebook-fql,4
wif,4
uac,4
ipython-notebook,4
order,4
swi-prolog,4
inner-join,4
nslayoutconstraint,4
doxygen,4
final,4
postgis,4
activeadmin,4
combobox,4
tags,4
z3,4
highstock,4
flot,4
jprogressbar,4
mainframe,4
prototypejs,4
equals,4
silverlight-4.0,4
weblogic,4
ms-access-2010,4
android-camera,4
java-time,4
repository-pattern,4
imageicon,4
png,4
twisted,4
nullable,4
lift,4
language-design,4
jade,4
resources,4
sql-azure,4
criteria-api,4
uibinder,4
dos,4
stdvector,4
type-inference,4
uilabel,4
fullcalendar,4
settimeout,4
dataset,4
crm,4
scenekit,4
jruby,4
antlr,4
cross-domain,4
jsonp,4
deserialization,4
interop,4
executorservice,4
mouseevent,4
out-of-memory,4
nsmanagedobject,4
azure-mobile-services,4
pyramid,4
core-audio,4
dialog,4
jqgrid,4
mouselistener,4
nest,4
smtp,4
core-location,4
cython,4
nltk,4
smartcard,4
appcompat,4
x11,4
webstorm,4
console,4
lotusscript,4
rewrite,4
durandal,4
c#-5.0,4
html-table,4
mvvm-light,4
persistence,4
.net-core,4
core-bluetooth,4
abap,4
cors,4
cocoapods,4
azure-documentdb,4
delphi-xe3,4
c++builder,4
sbcl,4
hql,4
x86-64,4
xpages-ssjs,4
abstract-class,4
dalvik,4
try-catch,4
mocha,4
google-api,4
jtextpane,4
template-specialization,4
joomla2.5,4
swingworker,4
cursor,4
azure-webjobs,4
javacard,4
monodevelop,4
uistoryboard,4
mkmapview,4
keyboard-shortcuts,4
stripe-payments,4
complexity-theory,4
celery,4
app-engine-ndb,4
ejb-3.1,4
google-play,4
jquery-ui-datepicker,4
pickle,4
fabricjs,4
ironpython,4
docusignapi,4
lua-table,4
bison,4
synchronized,4
jquery-animate,4
java-2d,4
antlr4,4
keylistener,4
classification,4
psql,4
css-animations,4
nvidia,4
rhino-mocks,4
datepicker,4
agile,4
iteration,4
mqtt,4
tablecellrenderer,4
angular-ui-bootstrap,4
protocol-buffers,4
angularfire,4
c++1z,4
web-crawler,4
unique-ptr,4
oracle-apex,4
wildfly,4
jira,4
c#-6.0,4
paint,4
aptana,4
nfc,4
bluebird,4
gpgpu,4
d2,4
jax-ws,4
many-to-many,4
delphi-2007,4
virtualenv,4
python-2.x,4
ms-access-2007,4
dapper,4
sap,4
jinja2,4
console-application,4
key-bindings,4
protocols,4
nio,3
bufferedreader,3
valgrind,3
jcheckbox,3
java.util.concurrent,3
ksh,3
commit,3
burn,3
globalization,3
utc,3
quartz-scheduler,3
grid-layout,3
spotify,3
profiling,3
tablecelleditor,3
signalr-hub,3
paypal-sandbox,3
ionic,3
zoo,3
action,3
testng,3
teradata,3
sequence,3
nant,3
anonymous-types,3
x++,3
asp.net-mvc-routing,3
theano,3
xml-namespaces,3
facelets,3
exchangewebservices,3
wix3,3
symfony-1.4,3
webkit,3
mapbox,3
dbcontext,3
jtabbedpane,3
graph-algorithm,3
custom-attributes,3
jqplot,3
html-parsing,3
internet-explorer-6,3
richfaces,3
normalization,3
shared-libraries,3
android-manifest,3
openlayers-3,3
lattice,3
apache-flink,3
filesystems,3
jsonschema,3
powerbuilder,3
facebook-like,3
sitecore8,3
entity-framework-core,3
liquibase,3
phpstorm,3
initializer-list,3
elementtree,3
xpages-extlib,3
compass-sass,3
rounding,3
webbrowser-control,3
spss,3
tpl-dataflow,3
cardlayout,3
j,3
saxon,3
cakephp-3.0,3
mustache,3
tfs2013,3
notifications,3
lotus,3
bing-maps,3
saml,3
msmq,3
xsl-fo,3
jcomponent,3
case,3
firebase-security,3
box2d,3
nsdateformatter,3
formatting,3
regression,3
ecto,3
directory,3
soapui,3
google-analytics-api,3
drupal-modules,3
vscode,3
environment-variables,3
ghci,3
playframework-2.1,3
angular2-template,3
dotnet-httpclient,3
worksheet-function,3
google-places-api,3
declaration,3
enterprise-architect,3
usb,3
iron-router,3
pcre,3
jenkins-plugins,3
scons,3
il,3
lazy-evaluation,3
codenameone,3
ctypes,3
isabelle,3
wpfdatagrid,3
exchange-server,3
perl6,3
npapi,3
labview,3
lex,3
focus,3
py.test,3
winjs,3
ivy,3
java-7,3
runtime,3
sympy,3
bower,3
firebase-database,3
memcached,3
laravel-5.2,3
shopify,3
outlook-addin,3
cut,3
ocmock,3
marionette,3
chef-recipe,3
apache-spark-sql,3
firebase-cloud-messaging,3
dvcs,3
macvim,3
gps,3
click,3
x509certificate,3
yacc,3
bundler,3
ionic2,3
haml,3
android-toolbar,3
nsfetchrequest,3
android-design-library,3
fragment,3
rethinkdb,3
jmx,3
informix,3
model,3
arguments,3
opengraph,3
cqrs,3
android-3.0-honeycomb,3
css-transforms,3
value-type,3
tableview,3
jgit,3
angular-dart,3
future,3
avx,3
jboss7.x,3
zip,3
lwuit,3
jfilechooser,3
maven-plugin,3
indy,3
liferay-6,3
iis-7.5,3
appcelerator,3
poco,3
bouncycastle,3
angular-material,3
tortoisegit,3
expression,3
jtree,3
leiningen,3
glut,3
include,3
bitbucket,3
duplicates,3
azure-active-directory,3
expect,3
w3c-validation,3
thrust,3
distinct,3
aws-lambda,3
air,3
in-app-purchase,3
nested,3
google-closure-compiler,3
vi,3
dllimport,3
event-dispatch-thread,3
flex-lexer,3
connection-string,3
spock,3
wix3.5,3
gridbaglayout,3
append,3
segue,3
datastax,3
webclient,3
android-service,3
postsharp,3
vue.js,3
nvd3.js,3
openid,3
glassfish-3,3
pear,3
autohotkey,3
dockerfile,3
mapping,3
python-asyncio,3
inline,3
sphinx,3
rebase,3
cakephp-1.3,3
alloy,3
nsmanagedobjectcontext,3
covariance,3
reshape2,3
laravel-routing,3
web-audio,3
prepared-statement,3
apple-push-notifications,3
command,3
push-notification,3
build-process,3
specflow,3
redux,3
django-urls,3
bean-validation,3
symfony-forms,3
psycopg2,3
japplet,3
rotation,3
velocity,3
javamail,3
titan,3
ssdt,3
dcg,3
lucene.net,3
android-textview,3
android-emulator,3
networkx,3
neon,3
ognl,3
code-first,3
scroll,3
httpclient,3
homebrew,3
filter,3
hashtable,3
wmi,3
nstableview,3
containers,3
android-support-library,3
winsock,3
knockout-2.0,3
internet-explorer-11,3
onsen-ui,3
comparator,3
jq,3
cruisecontrol.net,3
drag-and-drop,3
jit,3
jfreechart,3
return-value,3
zend-form,3
doctype,3
permissions,3
google-cloud-endpoints,3
opencart,3
quartz.net,3
mvvmcross,3
web,3
foxpro,3
yui,3
postscript,3
web2py,3
cron,3
classloader,3
git-submodules,3
range,3
pom.xml,3
genetic-algorithm,3
tree,3
pass-by-reference,3
android-webview,3
c11,3
netsuite,3
wxwidgets,3
babeljs,3
windows-10,3
corona,3
material-design,3
google-mirror-api,3
dc.js,3
t4,3
ieee-754,3
apache2,3
android-arrayadapter,3
spring-batch,3
dynamic-programming,3
powerpoint,3
orientdb,3
imap,3
avfoundation,3
sql-server-express,3
rake,3
template-meta-programming,3
autofixture,3
invoke,3
lazy-loading,3
artifactory,3
internet-explorer-7,3
recyclerview,3
fish,3
autoit,3
mingw,3
solrnet,3
enterprise-library,3
maven-assembly-plugin,3
undefined,3
primes,3
onclick,3
blade,3
git-rebase,3
scalaz,3
proxy,3
elm,3
caliburn.micro,3
angular-promise,3
sms,3
iis-6,2
windows-xp,2
github-api,2
flex4.5,2
liquid,2
spring-integration,2
kinect,2
perl-data-structures,2
timespan,2
jaxb2,2
claims-based-identity,2
core-plot,2
tail-recursion,2
static-analysis,2
docker-compose,2
css-position,2
renderscript,2
observablecollection,2
async-ctp,2
dynamics-crm-2013,2
boost-python,2
facebook-opengraph,2
icloud,2
autocomplete,2
datastax-enterprise,2
jslint,2
bit,2
rendering,2
wix3.7,2
naudio,2
amazon-redshift,2
javascript-objects,2
dbpedia,2
simulink,2
transform,2
mifare,2
android-mapview,2
h.264,2
virtual-functions,2
snmp,2
push,2
drawing,2
kohana-3,2
powerpoint-vba,2
ews,2
jquery-select2,2
ddl,2
modelica,2
meteorite,2
junit4,2
box-api,2
django-class-based-views,2
na,2
user-defined-functions,2
dijkstra,2
chart.js,2
bittorrent,2
ecmascript-harmony,2
opengl-3,2
virtualbox,2
tycho,2
comet,2
single-sign-on,2
vlookup,2
guid,2
trigger.io,2
xcode4.2,2
dropbox,2
django-orm,2
replication,2
jhipster,2
credit-card,2
symbian,2
reflection.emit,2
angularjs-filter,2
swagger,2
phalcon,2
itemscontrol,2
modx,2
wcf-security,2
resize,2
cllocationmanager,2
azure-functions,2
imageview,2
tbb,2
quantmod,2
content-script,2
workflow,2
moodle,2
kendo-asp.net-mvc,2
httpurlconnection,2
scala-macros,2
elmah,2
keystore,2
windows-phone-7.1,2
textarea,2
instruments,2
gitignore,2
react-router,2
boost-spirit,2
pivot-table,2
wordpress-plugin,2
prism,2
entity-framework-6,2
weka,2
biginteger,2
rubymotion,2
gerrit,2
varnish,2
nsuserdefaults,2
restlet,2
delphi-xe8,2
boost-spirit-qi,2
imagemagick-convert,2
sharepoint-2007,2
osmdroid,2
rally,2
partial-views,2
atom-editor,2
mosquitto,2
lwjgl,2
jvm-hotspot,2
.net-assembly,2
qmake,2
exec,2
linux-device-driver,2
echo,2
dbi,2
force-layout,2
android-xml,2
robotframework,2
swig,2
floating-accuracy,2
soundcloud,2
githooks,2
jquery-ui-dialog,2
inner-classes,2
ractivejs,2
openpyxl,2
dagger,2
data-annotations,2
window-functions,2
subclipse,2
ocr,2
docusign,2
propertygrid,2
format,2
sparse-matrix,2
hibernate-validator,2
subsonic,2
cell-array,2
msdeploy,2
pyodbc,2
digital-signature,2
progress-4gl,2
alarmmanager,2
spring-data-neo4j,2
cin,2
nsview,2
prestashop,2
code-first-migrations,2
objective-c-runtime,2
neo4jclient,2
zk,2
karma-runner,2
m2eclipse,2
html-lists,2
sos,2
android-contentprovider,2
simple-form,2
android-adapter,2
mule-studio,2
matlab-deployment,2
slf4j,2
git-diff,2
hazelcast,2
log4j2,2
android-pendingintent,2
data-manipulation,2
rspec-rails,2
clisp,2
mkannotation,2
newline,2
watin,2
jeditorpane,2
navbar,2
app-config,2
hsqldb,2
stdout,2
git-remote,2
html-email,2
stdin,2
stack-overflow,2
afnetworking-2,2
iphone-privateapi,2
app-store,2
nodatime,2
netezza,2
workflow-foundation,2
google-container-engine,2
dropbox-api,2
controller,2
fakeiteasy,2
resteasy,2
simple-injector,2
wcf-binding,2
agda,2
phpmailer,2
masstransit,2
auto-increment,2
apache-storm,2
restructuredtext,2
login,2
package,2
passport.js,2
rails-activerecord,2
vbo,2
uigesturerecognizer,2
picturebox,2
xcode7,2
pdfbox,2
contravariance,2
greendao,2
computational-geometry,2
deadlock,2
messaging,2
streaming,2
meteor-blaze,2
mex,2
instance,2
contenteditable,2
outputstream,2
spring-cloud,2
vaadin7,2
ms-office,2
javasound,2
factory-girl,2
infragistics,2
ember-cli,2
ehcache,2
easeljs,2
fosuserbundle,2
wso2esb,2
routes,2
margin,2
static-libraries,2
in-app-billing,2
scala.js,2
smarty,2
spring-aop,2
csrf,2
cfml,2
rss,2
cedet,2
servlet-filters,2
alamofire,2
open-source,2
imacros,2
gsub,2
django-south,2
qtquick2,2
graph-theory,2
nsdata,2
gd,2
ef-migrations,2
accelerometer,2
rcp,2
gawk,2
jquery-datatables,2
jersey-2.0,2
migradoc,2
md5,2
transparency,2
angular-ui-grid,2
angular2-services,2
cmis,2
amcharts,2
intrinsics,2
paypal-ipn,2
pubnub,2
nsis,2
monad-transformers,2
ireport,2
http-status-code-301,2
entity,2
ess,2
sip,2
variable-assignment,2
laravel-5.1,2
openedge,2
midi,2
background,2
manifest,2
cocos2d-x,2
media-queries,2
modernizr,2
v8,2
cassandra-2.0,2
mysql-workbench,2
mediacodec,2
apache-karaf,2
javac,2
sqlxml,2
shapeless,2
android-widget,2
vim-plugin,2
macports,2
alignment,2
lithium,2
yield,2
salt-stack,2
virtualtreeview,2
pylint,2
capistrano,2
cloudfoundry,2
visualsvn-server,2
jsse,2
wcf-client,2
dynamics-ax-2012,2
robolectric,2
teechart,2
filestream,2
jface,2
form-submit,2
xjc,2
character,2
sling,2
getelementbyid,2
electron,2
google-cloud-dataflow,2
git-flow,2
odbc,2
armadillo,2
local-storage,2
saml-2.0,2
payment-gateway,2
ios-simulator,2
riak,2
bigdecimal,2
knockout-mapping-plugin,2
syntax-highlighting,2
cvs,2
google-play-services,2
silex,2
sdl,2
protobuf-net,2
sidekiq,2
spray,2
microcontroller,2
epplus,2
stylus,2
zxing,2
atl,2
nativescript,2
pyspark,2
orbeon,2
iqueryable,2
foursquare,2
custom-action,2
kentico,2
entity-relationship,2
abstract-syntax-tree,2
angular2-routing,2
ghostscript,2
android-volley,2
clickonce,2
pandoc,2
listener,2
cross-platform,2
quartz-graphics,2
rspec2,2
string-formatting,2
naming-conventions,2
paperclip,2
morphia,2
graphviz,2
postgresql-8.4,2
collectors,2
cpu-architecture,2
speech-to-text,2
python-3.3,2
xdebug,2
xlrd,2
volatile,2
spring-data-jpa,2
controls,2
deep-learning,2
travis-ci,2
setinterval,2
tomcat7,2
full-text-search,2
algolia,2
sequelize.js,2
special-characters,2
xlsx,2
igraph,2
wcf-data-services,2
visualforce,2
mathjax,2
gmail-api,2
mstest,2
dropwizard,2
facebook-page,2
ms-access-2013,2
ecmascript-5,2
look-and-feel,2
scenebuilder,2
lldb,2
linear-regression,2
mixins,2
buildout,2
data-mining,2
datacontract,2
mechanize,2
googletest,2
sweave,2
dao,2
parsley.js,2
subroutine,2
react-jsx,2
hibernate-search,2
setuptools,2
schema,2
pascalscript,2
jailbreak,2
tfsbuild,2
freepascal,2
eigen,2
sum,2
vowpalwabbit,2
union,2
long-integer,2
widget,2
angular2-forms,2
git-stash,2
joomla3.0,2
cultureinfo,2
blobstore,2
semantic-markup,2
mq,2
gzip,2
batch-processing,2
std-function,2
trac,2
qt-creator,2
wysiwyg,2
android-viewpager,2
legend,2
bundling-and-minification,2
upload,2
sendgrid,2
spring-data,2
google-cloud-datastore,2
statsmodels,2
tapestry,2
uibezierpath,2
delphi-xe4,2
block,2
angular-ui,2
openstreetmap,2
bitwise-operators,2
cloudbees,2
sqlclr,2
authorization,2
tidyr,2
azure-worker-roles,2
antlr3,2
aem,2
fpga,2
rpm,2
android-maps-v2,2
sitecore7,2
hibernate-mapping,2
egit,2
crossfilter,2
fancybox,2
fmdb,2
spring-amqp,2
implicit-conversion,2
debian,2
zope,2
mailchimp,2
tk,2
ios9,2
datacontractserializer,2
boxing,2
nuget-package,2
amd,2
linear-algebra,2
solaris,2
key-value-observing,2
nashorn,2
git-tag,2
facebook-c#-sdk,2
ontology,2
python-sphinx,2
internet-explorer-10,2
dagger-2,2
google-api-dotnet-client,2
slickgrid,2
sql-insert,2
custom-controls,2
delphi-xe7,2
requestfactory,2
observable,2
rmi,2
concatenation,2
jsch,2
label,2
primitive,2
libgit2,2
robotium,2
lazarus,2
scrum,2
where-clause,2
max,2
code-analysis,2
gpu-programming,2
web-component,2
coldfusion-10,2
binary-tree,2
ipv6,2
rubymine,2
shortest-path,2
xtext,2
jquery-ui-autocomplete,2
workflow-foundation-4,2
service-worker,2
json-ld,2
drupal-theming,2
vala,2
thymeleaf,2
toggle,2
dst,2
coldfusion-8,2
freebase,2
code-contracts,2
android-view,2
hide,2
crontab,2
google-cast,2
hapijs,2
reactjs-flux,2
monotouch.dialog,2
smlnj,2
cxf,2
signals-slots,2
gremlin,2
postgresql-9.3,2
python-internals,2
wix3.6,2
load-testing,2
robots.txt,2
azure-virtual-machine,2
android-glide,2
pdfsharp,2
propel,2
code-generation,2
apple-watch,2
directshow,2
polymer-1.0,2
datetimeoffset,2
cherrypy,2
lifetime,2
filehelpers,2
xul,2
pseudo-element,2
32bit-64bit,2
query-string,2
textmate,2
memorystream,2
delphi-xe5,2
context-free-grammar,2
spree,2
lexer,2
mathematical-optimization,2
infowindow,2
redmine,2
portlet,2
slick,2
expressionengine,2
tm,2
google-maps-sdk-ios,2
unobtrusive-validation,2
ruby-on-rails-3.2,2
wtforms,2
nim,2
squeak,2
ankhsvn,2
kml,2
subdomain,2
ms-access-2003,2
visual-foxpro,2
hook,2
crash,2
avx2,2
aerospike,2
entity-framework-ctp5,2
frama-c,2
cublas,2
precision,2
asp.net-ajax,2
glimpse,2
susy-compass,1
second-level-cache,1
appdomain,1
backup,1
dimple.js,1
ormlite,1
gitlab,1
coreos,1
clearcase,1
behat,1
cmusphinx,1
using,1
schema.org,1
gnu-parallel,1
angularjs-routing,1
hornetq,1
android-ui,1
discriminated-union,1
spring-security-oauth2,1
func,1
ember-router,1
vsx,1
alfresco-share,1
pythonanywhere,1
pebble-watch,1
colorbox,1
ado,1
winscp,1
ibeacon,1
python-module,1
hibernate-criteria,1
metal,1
django-allauth,1
priority-queue,1
magicalrecord,1
microsoft-edge,1
streamreader,1
dbscan,1
flex3,1
ll,1
recommendation-engine,1
service-broker,1
delete-operator,1
tfs-sdk,1
pydev,1
aql,1
commonsware-cwac,1
posixct,1
spark-dataframe,1
jcl,1
twisted.web,1
db4o,1
bookmarklet,1
linqpad,1
cesium,1
gitolite,1
xmldocument,1
petapoco,1
rails-postgresql,1
android-4.2-jelly-bean,1
android-espresso,1
linked-data,1
surefire,1
carousel,1
csvhelper,1
lme4,1
unpivot,1
kerberos,1
matlab-cvst,1
wampserver,1
auto,1
wikipedia,1
tesseract,1
audiounit,1
deedle,1
adfs2.0,1
spark-streaming,1
chromium-embedded,1
crc32,1
biztalk-2013,1
textureview,1
emmet,1
android-appwidget,1
symbolic-math,1
filesystemwatcher,1
updatepanel,1
tooltip,1
privileges,1
asterisk,1
abstract,1
http-status-code-404,1
bokeh,1
thinktecture-ident-server,1
skrollr,1
hk2,1
krl,1
ncurses,1
xelement,1
tcpclient,1
paypal-adaptive-payments,1
quickbooks-online,1
xargs,1
onload,1
git-checkout,1
masm,1
stringr,1
websphere-liberty,1
unordered-map,1
licensing,1
mysqldump,1
multiple-columns,1
icu,1
fiddler,1
lombok,1
knockout-validation,1
caffe,1
idhttp,1
tomahawk,1
navigation,1
fluentvalidation,1
html.dropdownlistfor,1
glib,1
google-calendar,1
regex-negation,1
android-context,1
cqlsh,1
firebase-analytics,1
reactiveui,1
xib,1
custom-component,1
dropzone.js,1
visual-studio-debugging,1
gwt-super-dev-mode,1
binary-search-tree,1
opencv3.0,1
iis-express,1
dom-traversal,1
fluent-interface,1
non-clustered-index,1
fat-free-framework,1
connection,1
google-fusion-tables,1
facebook-android-sdk,1
direct3d,1
sequel,1
python-3.5,1
pointcut,1
carrierwave,1
laravel-validation,1
eigen3,1
shiro,1
phpspec,1
state,1
mojolicious,1
apiblueprint,1
nsubstitute,1
passbook,1
countif,1
intentfilter,1
spring-jms,1
unions,1
byte-buddy,1
telerik-mvc,1
joomla1.5,1
yii2-advanced-app,1
rmarkdown,1
vcr,1
google-maps-api-2,1
analytics,1
mvcsitemapprovider,1
uiviewanimation,1
ecmascript-next,1
main,1
glass-mapper,1
valuechangelistener,1
django-testing,1
user-defined-types,1
s4,1
java-io,1
tablet,1
ifstream,1
barcode-scanner,1
selenium-rc,1
uirepeat,1
guard,1
instanceof,1
conflict,1
vst,1
crosstab,1
richtextbox,1
anorm,1
asp.net-optimization,1
session-scope,1
nonetype,1
supervisord,1
conemu,1
sts-springsourcetoolsuite,1
date-arithmetic,1
gatling,1
spreadsheet,1
spring-el,1
chrono,1
infinispan,1
crashlytics,1
android-loadermanager,1
uipageviewcontroller,1
kext,1
dictionary-comprehension,1
wikipedia-api,1
avr,1
amazon-mws,1
ibeacon-android,1
dotnetopenauth,1
dompdf,1
soql,1
zurb-foundation,1
intersystems-cache,1
opengl-4,1
header-files,1
git-filter-branch,1
mandrill,1
android-resources,1
date-format,1
websphere-8,1
office-interop,1
google-tag-manager,1
xsd-validation,1
textblock,1
modelstate,1
jquery-mobile-listview,1
random-forest,1
mvc-mini-profiler,1
braintree,1
sicp,1
launcher,1
friendly-url,1
soa,1
omnifaces,1
k-means,1
mixed-mode,1
ace-editor,1
django-authentication,1
android-4.4-kitkat,1
sas-macro,1
dask,1
moxy,1
angularjs-service,1
structure,1
zlib,1
asset-pipeline,1
image-segmentation,1
vcl-styles,1
ajaxcontroltoolkit,1
xpcom,1
appharbor,1
xmlreader,1
hue,1
jstree,1
zebra-printers,1
reverse-engineering,1
sqldatareader,1
entity-attribute-value,1
pbs,1
simplemembership,1
grails-2.0,1
swfobject,1
filewriter,1
mxml,1
metaclass,1
android-cardview,1
compatibility,1
gwt2,1
nullreferenceexception,1
mp3,1
string-literals,1
pygtk,1
yaws,1
spring-xd,1
health-kit,1
resourcebundle,1
assert,1
thinking-sphinx,1
clustered-index,1
alarm,1
viewmodel,1
postgresql-performance,1
skmaps,1
xcode-ui-testing,1
dust.js,1
embedded-resource,1
sharpdevelop,1
symfony3,1
checkstyle,1
systemjs,1
handler,1
excel-2003,1
tfs2015,1
jcr,1
git-reset,1
nsattributedstring,1
lotus-formula,1
qcombobox,1
mvccontrib,1
cran,1
gdal,1
menu,1
enumeration,1
informatica-powercenter,1
microsoft-band,1
powermock,1
serial-port,1
misra,1
pypi,1
wamp,1
objectcontext,1
slick2d,1
spring.net,1
fine-uploader,1
itertools,1
mapi,1
method-overloading,1
date-math,1
yocto,1
jenkins-workflow,1
kdtree,1
queue,1
c++-cx,1
restsharp,1
treegrid,1
gcloud,1
predicate,1
wsgi,1
core-foundation,1
dot,1
apache-httpcomponents,1
plesk,1
encapsulation,1
html-entities,1
expression-blend,1
microsoft-sync-framework,1
delphi-5,1
icalendar,1
mesosphere,1
turing-machines,1
typeerror,1
np,1
sparkr,1
cryptojs,1
hstore,1
jointjs,1
stagefright,1
map-function,1
anaconda,1
sbt-assembly,1
setup-project,1
c++-faq,1
aurelia-binding,1
jsdoc,1
cout,1
task-queue,1
icefaces,1
rpy2,1
uitabbarcontroller,1
introspection,1
logback,1
url-routing,1
strptime,1
qtp,1
jsf-1.2,1
equinox,1
azureservicebus,1
fresco,1
2d,1
http-live-streaming,1
beanstalkd,1
xml-twig,1
python-unicode,1
html5-audio,1
restangular,1
webgrid,1
docx4j,1
asp.net-identity-2,1
ref,1
ctags,1
nsurl,1
street-address,1
mdm,1
hikaricp,1
altbeacon,1
unit-of-work,1
uinavigationbar,1
rest-assured,1
android-spinner,1
django-celery,1
nstimer,1
angularjs-controller,1
google-drive-android-api,1
e-commerce,1
python-import,1
paho,1
createprocess,1
parallel.foreach,1
iad,1
querydsl,1
spring-data-rest,1
boost-serialization,1
geocoding,1
achartengine,1
linq-to-twitter,1
contains,1
jackrabbit,1
ignite,1
monkeyrunner,1
boost-graph,1
magento-1.5,1
dependency-management,1
openrasta,1
install,1
android-intentservice,1
spdy,1
apdu,1
seaside,1
constants,1
openoffice-calc,1
cartalyst-sentry,1
quickblox,1
smt,1
drawable,1
versioning,1
ms-release-management,1
contactless-smartcard,1
safari-extension,1
concrete5,1
folder,1
delphi-2006,1
bezier,1
datanucleus,1
adfs,1
mesos,1
inline-assembly,1
typhoon,1
voice-recognition,1
gregorian-calendar,1
atk4,1
fullpage.js,1
android-bluetooth,1
ef-model-first,1
install4j,1
nsoperationqueue,1
tvos,1
dart-js-interop,1
wso2is,1
xforms,1
counter,1
mkpinannotationview,1
android-preferences,1
beanshell,1
blazeds,1
cocoa-bindings,1
overload-resolution,1
qbxml,1
mediawiki-api,1
ml,1
spring-test,1
checkout,1
cx-freeze,1
glm,1
poco-libraries,1
backbone-events,1
nlog,1
packages,1
micro-optimization,1
cpython,1
spring-social,1
appfabric,1
width,1
amazon-cloudfront,1
tar,1
diff,1
quickbooks,1
sql-server-2014,1
stringtemplate,1
javadoc,1
linkedin,1
django-migrations,1
conda,1
birt,1
caret,1
lapack,1
glew,1
sha1,1
key,1
famo.us,1
raster,1
office-js,1
entity-framework-4.3,1
format-specifiers,1
swift-extensions,1
maxima,1
text-files,1
warnings,1
usability,1
readonly,1
angularjs-http,1
method-reference,1
mgo,1
criteria,1
zend-db-table,1
directshow.net,1
worklight-adapters,1
pointfree,1
checkboxlist,1
weblogic-10.x,1
uvm,1
universal-image-loader,1
controltemplate,1
castle-dynamicproxy,1
midp,1
maven-surefire-plugin,1
conduit,1
fancybox-2,1
boost-multi-index,1
adobe-analytics,1
eve,1
imagick,1
nerdtree,1
osgi-bundle,1
decompression,1
jmh,1
rebol3,1
minitest,1
vertical-alignment,1
ng-animate,1
normals,1
android-contentresolver,1
beyondcompare,1
spinner,1
rascal,1
uialertcontroller,1
topshelf,1
android-assets,1
web.xml,1
openmpi,1
mariadb,1
hacklang,1
webcam,1
asp.net-web-api2,1
httphandler,1
histogram,1
restkit-0.20,1
cookbook,1
thrift,1
dreamweaver,1
htmlunit,1
http-post,1
uwsgi,1
android-notifications,1
git-tfs,1
qt-signals,1
vimeo,1
scrapy-spider,1
frame,1
angularjs-ng-click,1
intel,1
gevent,1
extbase,1
android-fragmentactivity,1
apache-tika,1
tumblr,1
session-state,1
dlopen,1
database-project,1
intel-xdk,1
bytebuffer,1
stringbuilder,1
boto3,1
tampermonkey,1
streamwriter,1
gdi+,1
font-face,1
anonymous-function,1
designer,1
popover,1
jquery-ui-tabs,1
android-source,1
ssh-keys,1
jqgrid-formatter,1
numba,1
selectonemenu,1
java-web-start,1
rfid,1
decltype,1
mahout,1
msdn,1
flyway,1
android-canvas,1
dfa,1
audio-streaming,1
lm,1
urllib3,1
commandlink,1
emgucv,1
resultset,1
otp,1
substring,1
docpad,1
implicit,1
optaplanner,1
template-haskell,1
ternary-operator,1
jradiobutton,1
imageresizer,1
jsni,1
git-rewrite-history,1
http-status-codes,1
tablemodel,1
firebase-authentication,1
vertex-shader,1
vagrantfile,1
group,1
lumen,1
named-pipes,1
windows-8.1,1
gnat,1
optional-parameters,1
gallery,1
f#-data,1
ng-repeat,1
jboss5.x,1
android-tabhost,1
asp.net-web-api-routing,1
playframework-2.3,1
qthread,1
jenkins-job-dsl,1
clips,1
battery,1
firebase-storage,1
deprecated,1
pyyaml,1
xml-validation,1
one-to-one,1
location,1
primitive-types,1
asmack,1
browser-plugin,1
products,1
rcharts,1
svg-filters,1
kettle,1
control,1
literals,1
sprite,1
jbpm,1
rich-snippets,1
maya,1
sql-like,1
spring-ws,1
config,1
datamapper,1
mpandroidchart,1
python-2.6,1
git-log,1
fgets,1
apache-spark-ml,1
wifi,1
core-image,1
cleartool,1
swingx,1
maple,1
formula,1
android-6.0-marshmallow,1
sta,1
postgresql-9.4,1
textselection,1
git-clone,1
pyside,1
actionlink,1
keytool,1
less-mixins,1
apache-spark-mllib,1
localdb,1
rdfa,1
protovis,1
aws-api-gateway,1
socketexception,1
deferred,1
tinkerpop,1
pycuda,1
rrdtool,1
nsurlconnection,1
crash-reports,1
vim-syntax-highlighting,1
regasm,1
git-push,1
bdd,1
autocad,1
bitmapimage,1
gnupg,1
e2e-testing,1
release,1
frp,1
zingchart,1
generic-list,1
ienumerator,1
openejb,1
mkoverlay,1
preferences,1
pika,1
huffman-coding,1
gql,1
qtgui,1
cocoalibspotify-2.0,1
backbone-views,1
xtragrid,1
cpu-cache,1
remoting,1
firebreath,1
subclass,1
rtc,1
getselection,1
identity,1
carbon,1
jqgrid-php,1
valueinjecter,1
transactionscope,1
sunspot,1
git-fork,1
osx-lion,1
android-alarms,1
conditional-formatting,1
perfect-forwarding,1
average,1
android-library,1
google-rich-snippets,1
parser-generator,1
visual-studio-lightswitch,1
freebsd,1
pgp,1
avalonedit,1
http2,1
jquery-autocomplete,1
screen-scraping,1
webdeploy,1
reactive-banana,1
cometd,1
bigtable,1
asp.net-2.0,1
gtk3,1
libc,1
sfml,1
jsonstore,1
android-4.0,1
sublime-text-plugin,1
snap-framework,1
phpexcel,1
boot2docker,1
microdata,1
jssor,1
cloudkit,1
lync,1
ccsprite,1
eclipse-wtp,1
asp.net-mvc-partialview,1
magnific-popup,1
adapter,1
parameter-passing,1
language-features,1
qooxdoo,1
multipartform-data,1
snap.svg,1
web-api,1
emacs23,1
self-tracking-entities,1
reinforcement-learning,1
smartgit,1
google-earth,1
channel-api,1
plsqldeveloper,1
git-fetch,1
nsurlsession,1
exc-bad-access,1
multicast,1
osx-snow-leopard,1
emulator,1
attributerouting,1
type-hinting,1
jna,1
phonegap-plugins,1
type-systems,1
disqus,1
notifyicon,1
rack,1
access-violation,1
scalatest,1
quotations,1
rtos,1
advantage-database-server,1
google-tv,1
gyroscope,1
row,1
python-datetime,1
iequalitycomparer,1
nettcpbinding,1
materialized-views,1
libc++,1
tablesorter,1
bootloader,1
android-drawable,1
uicollectionviewcell,1
dgrid,1
apache-felix,1
here-api,1
mql,1
space-complexity,1
converter,1
facebook-friends,1
n-gram,1
edmx,1
llvm-ir,1
html-select,1
wcf-web-api,1
bsxfun,1
quickfix,1
waterline,1
vulkan,1
anchor,1
nameerror,1
meta-tags,1
winscp-net,1
subgrid,1
framebuffer,1
associative-array,1
tidesdk,1
sonar-runner,1
typoscript,1
jersey-client,1
rust-cargo,1
pyephem,1
angularjs-e2e,1
gridextra,1
pycrypto,1
localhost,1
xmlslurper,1
record,1
automation,1
wmi-query,1
branching-and-merging,1
bazaar,1
dart-html,1
httpcontext,1
embedded-jetty,1
mongodb-csharp-2.0,1
native,1
css-content,1
pyqt5,1
entry,1
sql-limit,1
iso-prolog,1
comparable,1
mojarra,1
shoutcast,1
loopbackjs,1
fabric,1
key-value-coding,1
r-caret,1
akka-stream,1
autoload,1
gimp,1
pagination,1
static-members,1
asp.net-mvc-areas,1
libstdc++,1
sftp,1
tridion-content-delivery,1
sdk,1
sesame,1
geb,1
crossrider,1
gnu,1
storage,1
qt-designer,1
private,1
gethashcode,1
windows-forms-designer,1
mysql-python,1
glsurfaceview,1
fftw,1
castle,1
managed-bean,1
ffi,1
free-jqgrid,1
explode,1
marathon,1
chutzpah,1
swagger-ui,1
unmarshalling,1
passenger,1
crc,1
smartgwt,1
tiff,1
e4,1
c#-to-f#,1
lr,1
testcomplete,1
xna-4.0,1
sse2,1
catel,1
hierarchical-data,1
omniauth,1
unique-constraint,1
backing-beans,1
indy10,1
generate-series,1
microservices,1
relational-division,1
grails-domain-class,1
savon,1
j-security-check,1
browser-automation,1
mvc-editor-templates,1
hlsl,1
clos,1
chromecast,1
alassetslibrary,1
castle-activerecord,1
system-calls,1
dotnetzip,1
openid-connect,1
matrix-multiplication,1
android-theme,1
image-manipulation,1
keyword,1
dom-manipulation,1
borrow-checker,1
implementation,1
picasso,1
compare,1
client-server,1
openjpa,1
interpreter,1
page-object-gem,1
fix,1
performance-testing,1
nvcc,1
javacc,1
master-pages,1
py2neo,1
postconstruct,1
pdftk,1
drupal-views,1
simplemodal,1
associations,1
samsung-mobile,1
namedtuple,1
apache-nifi,1
spl,1
gitosis,1
clipboard,1
dynamics-ax-2009,1
amazon-route53,1
codesniffer,1
opa,1
gstreamer,1
autobahn,1
underscore.js-templating,1
w3c,1
varnish-vcl,1
iocp,1
foundation,1
mkannotationview,1
data-warehouse,1
qtcore,1
mongoengine,1
bids,1
client,1
barcode,1
pseudo-class,1
pouchdb,1
gdi,1
visual-c++-2010,1
collation,1
load,1
firebird2.5,1
angularjs-factory,1
sybase,1
mono.cecil,1
pry,1
word-vba,1
at-command,1
cpu,1
docx,1
protege,1
glade,1
intuit,1
qr-code,1
jsviews,1
servlet-3.0,1
core-motion,1
favicon,1
retaincount,1
path-finding,1
tabcontrol,1
video.js,1
akka.net,1
admin,1
directx-11,1
access-modifiers,1
coded-ui-tests,1
cql3,1
redbean,1
f#-interactive,1
relativelayout,1
embedded-linux,1
wicked-pdf,1
purescript,1
blackberry-10,1
models,1
tableau,1
super,1
peewee,1
class-method,1
cakephp-2.1,1
sharedpreferences,1
vertica,1
httpsession,1
tomcat6,1
bukkit,1
genymotion,1
editorfor,1
antlrworks,1
laravel-3,1
orders,1
clone,1
intel-fortran,1
imagej,1
unsafe,1
spring-saml,1
zodb,1
android-broadcast,1
instantiation,1
facebook-access-token,1
sharpsvn,1
jrebel,1
pyparsing,1
sapi,1
google-earth-plugin,1
end-to-end,1
wireshark,1
centos,1
mailkit,1
aspect-ratio,1
libcurl,1
pep8,1
model-binding,1
system.drawing,1
var,1
nsoperation,1
mahapps.metro,1
ipv4,1
enumerable,1
pull-request,1
share,1
strsplit,1
yesod,1
blender,1
myfaces,1
cgal,1
asihttprequest,1
fluent-nhibernate-mapping,1
viewexpiredexception,1
u-boot,1
nimbus,1
gpuimage,1
directive,1
linq-to-nhibernate,1
linear-gradients,1
adt,1
isolation-level,1
pgadmin,1
amazon-sqs,1
android-ibeacon,1
c3p0,1
playframework-1.x,1
height,1
spring-data-neo4j-4,1
oracle9i,1
visual-studio-cordova,1
torch,1
blas,1
cytoscape.js,1
jqgrid-asp.net,1
regular-language,1
instagram,1
nswindow,1
esb,1
ebean,1
asp.net-webpages,1
worklight-studio,1
crypto++,1
jquery-waypoints,1
workspace,1
c#-2.0,1
rpgle,1
monogame,1
signalr.client,1
loadrunner,1
ssrs-grouping,1
ndef,1
okhttp,1
dtd,1
android-billing,1
lifecycle,1
postfix-mta,1
visual-studio-extensions,1
gaps-and-islands,1
wordnet,1
mozilla,1
pytables,1
grpc,1
nscalendar,1
talend,1
copy,1
jdom,1
salt,1
amazon-ebs,1
phabricator,1
directoryservices,1
dnx,1
t4mvc,1
latitude-longitude,1
android-animation,1
radio-button,1
webrequest,1
jsonb,1
keyboard,1
nsthread,1
objectlistview,1
anonymous-class,1
jshint,1
polygon,1
modelform,1
distutils,1
delphi-6,1
sd-card,1
msysgit,1
excel-dna,1
sugarcrm,1
tostring,1
prime-factoring,1
panel,1
nhibernate-queryover,1
elf,1
dynamic-sql,1
connection-pooling,1
resttemplate,1
boost-phoenix,1
slowcheetah,1
equality,1
linker-error,1
broadcast,1
adobe,1
yaml-cpp,1
action-filter,1
computer-science,1
opennetcf,1
pytz,1
surfaceview,1
oncreate,1
using-statement,1
chai,1
mod-wsgi,1
traits,1
mspec,1
amazon-cognito,1
android-2.2-froyo,1
docker-machine,1
derby,1
dependent-type,1
unity5,1
mongolab,1
dynamic-memory-allocation,1
quicksort,1
coverage.py,1
hgignore,1
steam,1
retain,1
visualvm,1
nssortdescriptor,1
simple-html-dom,1
patch,1
microsoft-fakes,1
spring-data-mongodb,1
xpath-2.0,1
git-config,1
sqldependency,1
mp4,1
logic,1
identifier,1
wait,1
azure-webjobssdk,1
viewdata,1
dex,1
gnome,1
google-form,1
amazon-iam,1
libpng,1
jwplayer,1
forward-declaration,1
dynamic-language-runtime,1
opencover,1
messagebox,1
jcenter,1
oledb,1
assets,1
git-bash,1
fiware-orion,1
xml-deserialization,1
bpel,1
maven-jaxb2-plugin,1
activex,1
rails-migrations,1
version,1
qstring,1
python-multiprocessing,1
boost-variant,1
quartz-composer,1
com-interop,1
session-timeout,1
symfony-2.3,1
outlook-redemption,1
hce,1
windows-ce,1
tire,1
tempdata,1
google-docs,1
informatica,1
selection,1
lync-2010,1
outlook-vba,1
wakelock,1
reference-type,1
nsimage,1
android-dialogfragment,1
phpdoc,1
intern,1
simple.data,1
elki,1
jsp-tags,1
cloud,1
userscripts,1
playn,1
tfs2008,1
ocunit,1
grails-controller,1
dispatcher,1
osdev,1
jmeter-plugins,1
titanium-mobile,1
rar,1
msiexec,1
xunit.net,1
authorize.net,1
pypy,1
python-decorators,1
three20,1
angularjs-ng-model,1
momentjs,1
sql-delete,1
phpseclib,1
angular2-directives,1
tastypie,1
one-to-many,1
scriptlet,1
bacon.js,1
listactivity,1
wkhtmltopdf,1
yeoman-generator,1
where,1
android-maps,1
tfvc,1
mpmovieplayercontroller,1
binary-search,1
objectify,1
google-admin-sdk,1
sharepoint-2013,1
ninject-2,1
createjs,1
log4net-configuration,1
nose,1
automatic-properties,1
oracle-adf,1
ucanaccess,1
servicemix,1
mvp,1
jquery-templates,1
request,1
datetime-format,1
lua-patterns,1
theory,1
neo4j-ogm,1
selenium-ide,1
rangy,1
view-scope,1
obfuscation,1
office365,1
dart-polymer,1
modalviewcontroller,1
android-menu,1
deflate,1
bytestring,1
sqldf,1
symbolicatecrash,1
procedure,1
taglib,1
fortran-iso-c-binding,1
fastmm,1
github-pages,1
avl-tree,1
sql-server-2008-express,1
zookeeper,1
openlayers,1
comments,1
codeigniter-2,1
ckan,1
r-grid,1
uri,1
mime,1
jetbrains,1
relayjs,1
selenium-chromedriver,1
rdfs,1
ack,1
reporting,1
java-threads,1
dart-pub,1
radgrid,1
amazon-vpc,1
r-package,1
pyqtgraph,1
r-tree,1
with-statement,1
antiforgerytoken,1
output,1
filepicker.io,1
speech,1
shapely,1
match,1
ninject-extensions,1
tweepy,1
fstream,1
httpwebresponse,1
sage,1
xlsxwriter,1
exists,1
tkinter-canvas,1
seaborn,1
supercsv,1
mysql-error-1064,1
pentaho,1
forecasting,1
codemirror,1
goroutine,1
javax.imageio,1
html-helper,1
migration,1
openlaszlo,1
htmlpurifier,1
buildroot,1
hdf5,1
dicom,1
formtastic,1
fparsec,1
xls,1
href,1
android-linearlayout,1
lapply,1
proguard,1
spring-rabbit,1
haproxy,1
android-permissions,1
xlib,1
csom,1
css-specificity,1
canopy,1
parser-combinators,1
delphi-10-seattle,1
google-gdk,1
android-syncadapter,1
xquery-sql,1
git-commit,1
managed,1
myisam,1
git-pull,1
jta,1
typeahead.js,1
setup.py,1
ld,1
ax,1
parcelable,1
rvest,1
smack,1
openxml-sdk,1
msvcrt,1
message,1
ndepend,1
viewbag,1
profiler,1
flash-builder,1
html-form,1
odoo,1
ajax4jsf,1
base64,1
simple-framework,1
findstr,1
dart-async,1
free,1
android-file,1
strtotime,1
composite-component,1
magento-1.4,1
webmatrix,1
putty,1
libgit2sharp,1
jdo,1
jprofiler,1
gin,1
fluent-assertions,1
spyder,1
azure-table-storage,1
adobe-brackets,1
getopt,1
phaser-framework,1
jquery-select2-4,1
database-normalization,1
filemaker,1
kdb,1
friend,1
amazon-simpledb,1
grails-plugin,1
attributeerror,1
clearcase-ucm,1
ejabberd,1
tinymce,1
tstringlist,1
ip,1
idris,1
url-pattern,1
hashset,1
amazon-elb,1
cfc,1
freeglut,1
urllib,1
popen,1
catalyst,1
azure-service-fabric,1
greasemonkey,1
jnlp,1
facebook-apps,1
openpgp,1
delphi-xe6,1
android-sdcard,1
bintray,1
server-sent-events,1
odp.net,1
datarow,1
atlassian-sourcetree,1
override,1
ember-simple-auth,1
xmlserializer,1
zend-db,1
spring-hateoas,1
jdbctemplate,1
h2,1
jsrender,1
faces-config,1
commandbutton,1
unique,1
subsonic3,1
nsfilemanager,1
jooq,1
yql,1
pusher,1
ng-grid,1
android-lifecycle,1
intptr,1
chocolatey,1
freemarker,1
hibernate-annotations,1
gac,1
screen,1
field,1
unmanaged,1
superclass,1
python-3.4,1
jsf-2.2,1
contextmanager,1
synchronizationcontext,1
google-apps,1
emacs24,1
cplex,1
dygraphs,1
opera,1
imagemap,1
robospice,1
glibc,1
stackexchange.redis,1
sscanf,1
pull,1
fadein,1
static-methods,1
sinon,1
serversocket,1
global-variables,1
mixed-models,1
matplotlib-basemap,1
operator-keyword,1
gwt-rpc,1
data-modeling,1
sitemap,1
transpose,1
ramda.js,1
jwt,1
gxt,1
jupyter,1
camera-calibration,1
gmaps4rails,1
jmockit,1
vxworks,1
accurev,1
fxcop,1
github-for-windows,1
alsa,1
dynamic-arrays,1
tabs,1
anonymous-methods,1
django-cms,1
xacml,1
apk,1
apache-httpclient-4.x,1
vimeo-api,1
android-camera-intent,1
rebus,1
coderush,1
bottle,1
ormlite-servicestack,1
indexoutofboundsexception,1
dmd,1
boto,1
intentservice,1
serilog,1
specs2,1
glfw,1
multipeer-connectivity,1
django-socialauth,1
spacebars,1
type-providers,1
smali,1
fitnesse,1
android-listfragment,1
gis,1
artisan,1
hhvm,1
f#-3.0,1
msbuild-task,1
silverlight-3.0,1
ttk,1
enthought,1
moss,1
text-mining,1
forms-authentication,1
real-time,0
Precognitive,0
