Generating random integers in a specific range,2422656.0
How do I compare strings in Java?,2009888.5
How to fix java.lang.UnsupportedClassVersionError: Unsupported major.minor version,1184776.5
Is Java &quot;pass-by-reference&quot; or &quot;pass-by-value&quot;?,1109397.0
What&#39;s the simplest way to print a Java array?,1095798.0
"What is a NullPointerException, and how do I fix it?",1073475.5
Java string to date conversion,1000697.0
Why is it faster to process a sorted array than an unsorted array?,885810.0
Using java.net.URLConnection to fire and handle HTTP requests,728060.0
How to parse JSON in Java,609602.5
Java String.equals versus ==,539518.5
What issues should be considered when overriding equals and hashCode in Java?,484067.5
How to upload files to server using JSP/Servlet?,324069.5
What causes a java.lang.ArrayIndexOutOfBoundsException and how do I prevent it?,262954.5
Why use getters and setters?,222407.5
How to avoid Java code in JSP files?,195902.5
"How do servlets work? Instantiation, sessions, shared variables and multithreading",189397.0
How to use Servlets and Ajax?,174002.0
"What is a stack trace, and how can I use it to debug my application errors?",165091.0
"Scanner is skipping nextLine() after using next(), nextInt() or other nextFoo() methods",160818.0
Why is my Spring @Autowired field null?,159001.0
Unfortunately MyApp has stopped. How can I solve this?,139001.5
What is a raw type and why shouldn&#39;t we use it?,122231.5
The Use of Multiple JFrames: Good or Bad Practice?,74367.0
How do I write a correct micro-benchmark in Java?,59188.0
Is List&lt;Dog&gt; a subclass of List&lt;Animal&gt;? Why aren&#39;t Java&#39;s generics implicitly polymorphic?,57040.5
Should I avoid the use of set(Preferred|Maximum|Minimum)Size methods in Java Swing?,33013.5
How to add JTable in JPanel with null layout?,28496.5
Providing white space in a Swing GUI,18262.5
Java GUI listeners without AWT,2863.5
