How do I redirect to another page in jQuery?,3289503.5
How can I get query string values in JavaScript?,2242943.0
Parse JSON in JavaScript?,1421408.5
Validate email address in JavaScript?,1375846.5
Where can I find documentation on formatting a date in JavaScript?,1204632.0
What is the most efficient way to deep clone an object in JavaScript?,1101311.0
How can I upload files asynchronously?,987014.0
Which equals operator (== vs ===) should be used in JavaScript comparisons?,923898.0
How do JavaScript closures work?,899257.0
&quot;Thinking in AngularJS&quot; if I have a jQuery background?,683093.5
JavaScript function declaration syntax: var fn = function() {} vs function fn() {},680327.5
How do I return the response from an asynchronous call?,666976.0
event.preventDefault() vs. return false,584402.0
Why is using &quot;for...in&quot; with array iteration a bad idea?,492469.0
Event binding on dynamically created elements?,416601.5
How to pass variables and data from PHP to JavaScript?,376801.5
.prop() vs .attr(),376361.5
Ways to circumvent the same-origin policy,369464.0
What is the scope of variables in JavaScript?,345465.0
How does the &quot;this&quot; keyword work?,197049.5
"Access / process (nested) objects, arrays or JSON",180875.5
JavaScript closure inside loops â€“ simple practical example,176794.5
Why is document.write considered a &quot;bad practice&quot;?,149072.0
Dynamically access object property using variable,98321.0
How to access the correct `this` / context inside a callback?,79939.0
Why is my variable unaltered after I modify it inside of a function? - Asynchronous code reference,61273.0
Why does jQuery or a DOM method such as getElementById not find the element?,55199.0
What is the difference between client-side and server-side programming?,19325.0
What is the explicit promise construction antipattern and how do I avoid it?,17839.5
Prototypical inheritance - writing up,9292.0
